{"loss": [11.519837379455566, 3.8301241397857666, 3.874141216278076, 4.031582355499268, 3.8810219764709473, 3.263392925262451, 2.969438314437866, 2.812664270401001, 2.4354262351989746, 2.419137477874756, 2.205284833908081, 2.085200309753418, 1.6805146932601929, 1.6145257949829102, 1.7623677253723145, 1.567401647567749, 1.5996304750442505, 1.431054949760437, 1.3855440616607666, 1.287187933921814, 1.3537001609802246, 1.475281000137329, 1.1321327686309814, 1.2111759185791016, 1.1073873043060303, 1.1507331132888794, 1.118122935295105, 1.099665880203247, 1.2373164892196655, 1.6206542253494263], "accuracy": [0.03723916783928871, 0.043017659336328506, 0.08956661820411682, 0.1486356407403946, 0.2003210335969925, 0.27319422364234924, 0.3171749711036682, 0.38009631633758545, 0.434349924325943, 0.4953451156616211, 0.5309791564941406, 0.5528090000152588, 0.6208667755126953, 0.6394863724708557, 0.6548956632614136, 0.6741573214530945, 0.6879615187644958, 0.7113965153694153, 0.7322632670402527, 0.7431781888008118, 0.7714285850524902, 0.7704654932022095, 0.7775281071662903, 0.7839486598968506, 0.7894061207771301, 0.804815411567688, 0.8035313487052917, 0.8276083469390869, 0.8215088844299316, 0.8157303929328918], "val_loss": [3.551424026489258, 3.434253454208374, 3.2624809741973877, 9.408348083496094, 15.652698516845703, 2.651372194290161, 2.001664876937866, 2.301093101501465, 1.8868345022201538, 4.783280372619629, 1.5202125310897827, 1.5008116960525513, 1.1739587783813477, 1.485433578491211, 1.355323076248169, 3.902622938156128, 1.5518113374710083, 1.1256990432739258, 9.131941795349121, 1.4804809093475342, 1.4198520183563232, 1.5056763887405396, 1.183145523071289, 2.076097249984741, 1.0630112886428833, 2.2750701904296875, 1.6029818058013916, 1.2384262084960938, 1.1676322221755981, 1.0036191940307617], "val_accuracy": [0.05982905998826027, 0.10541310161352158, 0.1794871836900711, 0.09971509873867035, 0.07122506946325302, 0.38461539149284363, 0.5527065396308899, 0.5270655155181885, 0.6011396050453186, 0.36752137541770935, 0.7321937084197998, 0.752136766910553, 0.7435897588729858, 0.7435897588729858, 0.7806267738342285, 0.5099714994430542, 0.7350427508354187, 0.8376068472862244, 0.45584046840667725, 0.8062677979469299, 0.8917378783226013, 0.8774928450584412, 0.8518518209457397, 0.811965823173523, 0.8632478713989258, 0.7891737818717957, 0.8376068472862244, 0.8860398530960083, 0.9259259104728699, 0.945868968963623]}