{"loss": [11.015650749206543, 4.373283386230469, 3.8549160957336426, 3.9460647106170654, 3.3377628326416016, 3.6062264442443848, 2.735623598098755, 2.6233904361724854, 2.2858004570007324, 2.059601306915283, 1.8435800075531006, 1.7381139993667603, 2.0678205490112305, 1.3906831741333008, 1.5983003377914429, 1.3777462244033813, 1.1225913763046265, 1.3087594509124756, 1.1500914096832275, 1.1125704050064087, 1.1481627225875854, 0.9778774380683899, 0.9418822526931763, 1.128542184829712, 0.9746937155723572, 1.096889615058899, 0.9202083349227905, 0.9034216403961182, 0.8134090900421143, 0.9517446756362915], "accuracy": [0.031978681683540344, 0.04696868732571602, 0.08860759437084198, 0.13191205263137817, 0.2061958760023117, 0.2634910047054291, 0.35209861397743225, 0.4117255210876465, 0.45836108922958374, 0.5016655325889587, 0.5619586706161499, 0.6072618365287781, 0.6082611680030823, 0.6735509634017944, 0.6682211756706238, 0.7071952223777771, 0.7338441014289856, 0.7425050139427185, 0.7648234367370605, 0.7698200941085815, 0.7761492133140564, 0.800133228302002, 0.8127914667129517, 0.8171219229698181, 0.8114590048789978, 0.8217854499816895, 0.8337774872779846, 0.8494337201118469, 0.856762170791626, 0.8580946326255798], "val_loss": [3.5781266689300537, 3.6529064178466797, 4.627391338348389, 4.415114402770996, 5.22901725769043, 7.484177589416504, 10.557283401489258, 10.483461380004883, 11.34394645690918, 13.34166431427002, 17.055604934692383, 18.649755477905273, 17.233657836914062, 22.96085548400879, 18.507429122924805, 21.495962142944336, 24.147838592529297, 27.88545799255371, 28.474905014038086, 30.017250061035156, 33.37794876098633, 28.58782196044922, 42.11503601074219, 34.96538162231445, 35.40827178955078, 44.2850227355957, 43.21366500854492, 39.4403076171875, 37.83598327636719, 56.58566665649414], "val_accuracy": [0.03418803587555885, 0.04273504391312599, 0.03418803587555885, 0.0655270665884018, 0.09971509873867035, 0.09401709586381912, 0.11965811997652054, 0.13960114121437073, 0.1339031308889389, 0.156695157289505, 0.14814814925193787, 0.12820513546466827, 0.1794871836900711, 0.16239316761493683, 0.1766381710767746, 0.18803419172763824, 0.16524216532707214, 0.18233618140220642, 0.17378917336463928, 0.18518517911434174, 0.1794871836900711, 0.18233618140220642, 0.1766381710767746, 0.1794871836900711, 0.18803419172763824, 0.18518517911434174, 0.18803419172763824, 0.18518517911434174, 0.18518517911434174, 0.19088318943977356]}